username,email,password,active
ddd,123@123ddd,$2a$10$f/FmgxE56wg.cehOogo.O.BC1hoGeaHrmf3RlsKuS1e7tymi8sBaO,true
Agopcho,Armeniq@pop.com,$2a$10$sWNiPbglMxkKWdxFaghuCOqLVCTCK2yc6CB3nz0S9VmZktb2/BPTi,true
Daniel_Kartalov2,dakabat@DAKABAT32,$2a$10$tW.PnyPwgaAQsDoyedNzY.dje2oddKVB.Ui4Q8wmB/WKtNi7mdcdC,true
batdaka,dakabat@DAKABAT,$2a$10$xkyx9iJ2iC9OKeoKEee2zu0/Qu.4ca4L0Wk7VvOWcS/nAypYx14I6,true
BorisDali,borisboris@boris.com,$2a$10$tcYCtU72URyFz8KAcKg9e.p9SkCvgQuKpjdlQ5ucvA3tCmkT51Uya,true
plami3900,plami@plami3800,$2a$10$EAQnsiZ.kHXETVxcP6UVsuKDQ1XxS7fOIXvOQPhzsre9dE9h.pc1e,true
toBeAdmin2,arewe@arewe,$2a$10$JbxVFxEvJ0y29wVtFI929.Ev3Vw39Q3hTxeObXkItneFt0hGXn4Y.,true
nnn,nnn2@1,$2a$10$hhUSu0nro9upyzbTH3JWFOp4gjnoA8zyNnZtAQCTo/i5qh9Dv6Q1K,true
da4kose,da4ko0@seshse.sd,$2a$10$zat4jm2BnjyK//7r5Shpi.z6G27UGqCa0okDJ9rBpJGbpI0xOdH7O,true
Da4ko,da4ko06@gmail.com,$2a$10$6Lxt1TiAhvaFxoHdaZZV/OpjN1/m7f4.bPT6uCBCln1OnsA/PlBAq,true
adolf,adolf@adolf.com,$2a$10$K.Y8ZpvcyiDWPCTvi6iUxeS4A4OB5p7xB.jfC76dVOFrd03SRI8sK,true
lonka,lonkatawekopele@lajna,$2a$10$V32HUVjf8k.CUqZmaHG8B.UONUuRpPQF6758qDVLHIv9FljyOfrRq,true
Batman,123@123.admin,$2a$10$OwqqTqGxSd32Ac24GV/Nyu0VLnEVLHuAgn5gKIgWYi2Ml1Xead4Ba,true
defaultAdmin,123@defaultAdmin.admin,$2a$10$fkQ5IZL6J3D4VyEsKJhxbOv0Po5OCFScn8JaWqg2DoVDVhxQOZ8FG,true
chochko,batman@12332,$2a$10$wBZhUfollxAEdfijrcVbPeKBZCD2p6ZL7Gp7ntN91AwoZPBi3rpbW,true
caca,cacacaca@cacacaca,$2a$10$2IiRoEk0lmJSx1.p8A9dl.Clu8BNlhxnj1yWss3Nfe0l3uL1Hvk0.,true
toBeAdmin,123@145,$2a$10$iOPvOn0RJLPbWTokr0fZWeMzYHzL1pgBS0zhogNtrBgDEzLw1D/7W,true
Adhi,123123@1231234.admin,$2a$10$H0CLRVgXbilc4RXDj1UgA.NnitcY/6/83I9SShz520nIM8z3/cwGO,true
admin,123@1234.admin,$2a$10$ZKJSgSBQjZTlSai..CMyz.0QFQJ61Iy5OC3ozRBRGD7NG/WnnUcaq,true
BatTenkaXXS,BatTenka@BatTenka,$2a$10$pyo3rzoEQvUmyNM3htj9We7Sed8ROuwp6dOKxfD9EIegDxssbVeoa,true
Daniel_Kartalov,123123@123123,$2a$10$0I88TM32w4.AfvIviGsYCuhxBTnumjep7TdqxMq16DUmUEUGtpgca,true
